{
  "task_agent": {
    "baseline": {
      "mean_chi": 0.8339437059507744,
      "mean_phi": 0.9825572845469162,
      "mean_self_coupling": 0.999654453181162,
      "mean_valence_intensity": 0.08318064932269323,
      "mean_counterfactual_depth": 0.0,
      "mean_boundary_integrity": 0.5,
      "mean_recovery_time": 0.0,
      "interface_score": 0.7052519062274709,
      "raw": {
        "mean_chi": 0.8339437059507744,
        "mean_phi": 0.9825572845469162,
        "mean_self_coupling": 0.999654453181162,
        "mean_valence_intensity": 0.08318064932269323,
        "mean_counterfactual_depth": 0.0,
        "mean_boundary_integrity": 0.5,
        "mean_recovery_time": 0.0,
        "interface_score": 0.7052519062274709
      }
    },
    "perturbation_scores": {
      "self": [
        0.698566731237328,
        0.6890180004541533,
        0.6799409511995338,
        0.6684197221191999
      ],
      "task": [
        0.7052519062274709,
        0.7052519062274709,
        0.7052519062274709,
        0.7052519062274709
      ],
      "salience": [
        0.7050527030402198,
        0.7047568567225204,
        0.7044645046526677,
        0.7040800312274709
      ]
    },
    "perturbation_responses": {
      "self": [
        0.0066851749901428725,
        0.016233905773317625,
        0.02531095502793712,
        0.03683218410827105
      ],
      "task": [
        0.0,
        0.0,
        0.0,
        0.0
      ],
      "salience": [
        0.00019920318725108466,
        0.0004950495049504955,
        0.0007874015748031704,
        0.0011718750000000444
      ]
    },
    "interface_signal": 0.020602172658165968
  },
  "interface_agent": {
    "baseline": {
      "mean_chi": 0.892110292611603,
      "mean_phi": 0.9825589028590613,
      "mean_self_coupling": 0.9999653122405978,
      "mean_valence_intensity": 0.351764947195293,
      "mean_counterfactual_depth": 0.0,
      "mean_boundary_integrity": 0.5,
      "mean_recovery_time": 0.0,
      "interface_score": 0.7181172355821152,
      "raw": {
        "mean_chi": 0.892110292611603,
        "mean_phi": 0.9825589028590613,
        "mean_self_coupling": 0.9999653122405978,
        "mean_valence_intensity": 0.351764947195293,
        "mean_counterfactual_depth": 0.0,
        "mean_boundary_integrity": 0.5,
        "mean_recovery_time": 0.0,
        "interface_score": 0.7181172355821152
      }
    },
    "perturbation_scores": {
      "self": [
        0.7056945310630515,
        0.6886686643180321,
        0.6729883118252062,
        0.653487587593435
      ],
      "task": [
        0.7181172355821152,
        0.7181172355821152,
        0.7181172355821152,
        0.7181172355821152
      ],
      "salience": [
        0.7179180323948641,
        0.7176221860771647,
        0.717329834007312,
        0.7169453605821151
      ]
    },
    "perturbation_responses": {
      "self": [
        0.012422704519063688,
        0.029448571264083068,
        0.04512892375690891,
        0.0646296479886802
      ],
      "task": [
        0.0,
        0.0,
        0.0,
        0.0
      ],
      "salience": [
        0.00019920318725108466,
        0.0004950495049504955,
        0.0007874015748031704,
        0.0011718750000000444
      ]
    },
    "interface_signal": 0.03724407956543277
  }
}